,title
Grocery,2007
Coffee & Tea,1864
Bakeries,1277
"Beer, Wine & Spirits",1134
Drugstores,458
Convenience Stores,455
Ice Cream & Frozen Yogurt,450
Juice Bars & Smoothies,444
Food Trucks,428
Donuts,409
Desserts,379
Bagels,281
Delis,274
Meat Shops,233
Fruits & Veggies,223
Street Vendors,216
Specialty Food,204
Bubble Tea,199
Seafood Markets,184
Food Delivery Services,163
Cafes,149
Health Markets,140
Fast Food,125
Farmers Market,124
Sandwiches,106
International Grocery,98
Burgers,98
Breakfast & Brunch,97
Chocolatiers & Shops,94
Mexican,83
Candy Stores,77
Italian,73
Pizza,65
Butcher,63
Salad,62
Poke,57
Custom Cakes,53
Empanadas,50
Food,47
Halal,47
Caribbean,46
Gas Stations,43
Cupcakes,43
Imported Food,43
Cheese Shops,42
Cosmetics & Beauty Supply,41
Coffee Roasteries,39
Breweries,39
Chinese,37
American (New),37
Seafood,36
Indian,35
Tea Rooms,35
Vitamins & Supplements,33
American (Traditional),32
Caterers,32
Latin American,28
Pretzels,25
Herbs & Spices,24
Organic Stores,24
Creperies,24
Gift Shops,24
Japanese,24
Acai Bowls,22
Diners,21
Gelato,21
Pasta Shops,20
Korean,19
Vegan,19
Vietnamese,19
Thai,19
Bars,19
Tobacco Shops,19
CSA,18
Sushi Bars,17
Macarons,16
Cocktail Bars,16
Wineries,16
Tacos,16
Greek,15
French,15
Wholesale Stores,15
Spanish,13
Colombian,13
Food Stands,12
Taiwanese,12
Internet Cafes,12
Mediterranean,12
Ramen,12
Do-It-Yourself Food,12
Pharmacy,12
Distilleries,11
Wine Bars,11
Patisserie/Cake Shop,11
Middle Eastern,11
Hot Dogs,10
Dim Sum,10
Beverage Store,10
Hawaiian,10
Kosher,10
Hookah Bars,10
Vegetarian,9
Filipino,8
Vape Shops,8
Festivals,7
Barbeque,7
Pubs,6
Florists,6
Beer Bar,6
Dominican,6
Discount Store,5
Comfort Food,5
Bookstores,5
Belgian,5
Chicken Shop,5
Venezuelan,5
Personal Chefs,5
Moroccan,4
Chicken Wings,4
Noodles,4
Shaved Ice,4
Asian Fusion,4
Venues & Event Spaces,4
Food Court,4
Lounges,4
Kebab,4
Brazilian,4
Gluten-Free,4
Steakhouses,4
Traditional Chinese Medicine,4
Honey,3
Acupuncture,3
Himalayan/Nepalese,3
Tuscan,3
Haitian,3
Polish,3
Party & Event Planning,3
Japanese Curry,3
Newspapers & Magazines,3
Waffles,3
Restaurants,3
Wine Tasting Room,3
Wraps,3
Printing Services,3
Party Supplies,3
Brewpubs,2
Popcorn Shops,2
African,2
Music Venues,2
Videos & Video Game Rental,2
Falafel,2
Kitchen & Bath,2
Argentine,2
Shanghainese,2
Pakistani,2
Szechuan,2
Print Media,2
Russian,2
Tapas Bars,2
Fish & Chips,2
Head Shops,2
Lebanese,2
Soup,2
Water Delivery,2
Shopping,2
Tex-Mex,2
Cantonese,2
Cooking Classes,2
Barbers,2
Water Stores,2
Malaysian,2
Cuban,2
Pet Stores,2
Car Wash,2
Tours,2
Nutritionists,2
Community Service/Non-Profit,2
Georgian,2
Performing Arts,2
Department Stores,2
Peruvian,2
Irish Pub,1
Reiki,1
Cajun/Creole,1
Hong Kong Style Cafe,1
Beer Gardens,1
Cafeteria,1
Flea Markets,1
Public Markets,1
Tabletop Games,1
Motorcycle Gear,1
Farms,1
Olive Oil,1
Session Photography,1
Souvenir Shops,1
Shipping Centers,1
Uzbek,1
Southern,1
Indonesian,1
Whiskey Bars,1
Couriers & Delivery Services,1
Australian,1
Tapas/Small Plates,1
Medical Supplies,1
Art Galleries,1
Nurseries & Gardening,1
Museums,1
Dive Bars,1
Shoe Stores,1
Synagogues,1
Jewelry,1
Sports Wear,1
Puerto Rican,1
New Mexican Cuisine,1
Kombucha,1
Turkish,1
German,1
Women's Clothing,1
Trinidadian,1
Meaderies,1
Spiritual Shop,1
Auto Repair,1
Tasting Classes,1
Electronics,1
Sports Bars,1
Keys & Locksmiths,1
Trainers,1
Nail Salons,1
Hardware Stores,1
Cheesesteaks,1
Swimwear,1
Bangladeshi,1
Brewing Supplies,1
Arcades,1
Wine Tasting Classes,1
Scandinavian,1
Fashion,1
Local Flavor,1
Specialty Schools,1
Food Tours,1
Soul Food,1
Themed Cafes,1
Smokehouse,1
Cooking Schools,1
Chimney Cakes,1
Senegalese,1
Ethiopian,1
Hobby Shops,1
